INSERT INTO City (CityCode, CityName, State, AirportDescription) VALUES ('ATL', 'Atlanta', 'GA', 'Busiest airport in the world'), ('DFW', 'Dallas & Fort Worth', 'TX', 'Primary North Texas airport'), ('DEN', 'Denver', 'CO', 'Front Range Urban Corridor'), ('ORD', 'Chicago', 'IL', 'Ohare airport'), ('LAX', 'Los Angeles', 'CA', 'US West Coast airport');
INSERT INTO PlaneType (TypeCode, TypeDescription, Capacity, FlightRange) VALUES ('B3XM', 'Boeing 737 MAX 10 narrow-body', 230, 3100), ('A321', 'Airbus 321LR narrow-body', 220, 4000), ('B772', 'Boeing 777-300ER wide-body', 386, 7825);
INSERT INTO Plane (SerialNumber, TypeCode, YearManufactured, DateLastServiced, DateNextServiced) VALUES ('GJJKFAJKSEWI', 'B3XM', 2015, '2022-02-01', '2022-03-01'), ('FKHUEQPIOPIU', 'B3XM', 2014, '2022-03-05', '2022-04-05'), ('DFFHJAKDSFHH', 'B772', 2016, '2022-02-15', '2022-03-15'), ('GFHJSALKEIWI', 'A321', 2012, '2022-03-10', '2022-04-10'), ('LKHJDALKJFII', 'B772', 2017, '2022-02-18', '2022-03-18');
INSERT INTO Pilot (PilotNumber, FirstName, LastName, BirthDate, SocialSecurityNumber, AnnualSalary, CellPhoneNumber) VALUES (00001, 'Derek', 'Harris', '1990-05-12', 123456789, 75000.00, '555-123-4567'), (00002, 'Kendra', 'Baker', '1985-02-14', 234567890, 80000.00, '555-234-5678'), (00003, 'Evan', 'Ward', '1983-11-26', 345678901, 90000.00, '555-345-6789'), (00004, 'Monica', 'Bryant', '1992-06-17', 456789012, 85000.00, '555-456-7890'), (00005, 'Brandon', 'Rivera', '1991-09-08', 567890123, 95000.00, '555-567-8901'), (00006, 'Jasmine', 'Foster', '1988-12-04', 678901234, 80000.00, '555-678-9012'), (00007, 'Greg', 'Gonzales', '1985-03-15', 789012345, 85000.00, '555-789-0123'), (00008, 'Melanie', 'Ramos', '1990-08-23', 890123456, 100000.00, '555-890-1234'), (00009, 'Nathan', 'Gomez', '1987-10-05', 901234567, 70000.00, '555-901-2345'), (00010, 'Alicia', 'Cole', '1993-01-31', 012345678, 75000.00, '555-012-3456');
INSERT INTO Certification (PilotNumber, TypeCode, DateCertified) VALUES (00001, 'B3XM', '2013-02-20'), (00001, 'B772', '2016-11-10'), (00002, 'B3XM', '2015-04-03'), (00003, 'B3XM', '2011-10-28'), (00003, 'B772', '2019-01-25'), (00003, 'A321', '2010-09-14'), (00004, 'A321', '2022-03-07'), (00004, 'B3XM', '2017-08-22'), (00005, 'B772', '2021-12-09'), (00005, 'B3XM', '2014-07-11'), (00005, 'A321', '2018-06-19'), (00006, 'B772', '2012-12-30'), (00006, 'B3XM', '2020-02-08'), (00007, 'A321', '2010-06-28'), (00007, 'B772', '2022-09-20'), (00008, 'B3XM', '2013-09-15'), (00009, 'B772', '2014-11-29'), (00010, 'B3XM', '2016-03-12');
